Criterion,ERP-ProcessMiner,pm4py,Advantage
Core Dependencies,"4 (pandas, numpy, networkx, graphviz)",15+ (complex dependency tree),ERP-ProcessMiner
Installation Steps,1 (pip install),1-2 (may need optional deps),Tie
Python Version,3.11+,3.9+,Tie
Learning Resources,Built-in tutorials,External documentation,ERP-ProcessMiner
Error Messages,Validation-first with hints,Generic Python errors,ERP-ProcessMiner
Configuration Style,Declarative JSON,Imperative Python code,ERP-ProcessMiner
Documentation,Inline docstrings + examples,Separate documentation site,Tie
Example Scripts,3 complete workflows,Jupyter notebooks,pm4py
Memory Footprint,Low (~50MB),Medium (~150MB),ERP-ProcessMiner
Offline Capability,Full offline,Full offline,Tie
